,Unnamed: 0,ciudad_de_ubicaci_n,fecha_reporte_web,conteo_confirmados,conteo_recuperado,conteo_fallecidos,casos_activos,acumulado_dia_confirmados,acumulado_dia_recuperado,acumulado_dia_fallecidos,acumulado_dia_activos,Poblacion_total,susceptibles,tasa_contagiados,tasa_recuperados,tasa_contagiados_mas_1,media_movil_med,media_movil_contagiados_med,media_movil_recuperados_med
0,669,Medellín,2020-03-09,1,1.0,0.0,0.0,1,1.0,0.0,0.0,2427129,2427128,4.120095849909852e-07,1.0,1.000000412009585,,,
1,670,Medellín,2020-03-11,2,2.0,0.0,0.0,3,3.0,0.0,0.0,2427129,2427126,1.2360297734851837e-06,1.0,1.0000012360297734,,,
2,671,Medellín,2020-03-14,2,2.0,0.0,0.0,5,5.0,0.0,0.0,2427129,2427124,2.060051319998484e-06,1.0,1.00000206005132,1.2360302261582176e-06,1.2360302261582176e-06,1.0
3,672,Medellín,2020-03-15,1,1.0,0.0,0.0,6,6.0,0.0,0.0,2427129,2427123,2.472062602513346e-06,1.0,1.0000024720626026,1.9227145653323376e-06,1.9227145653323376e-06,1.0
4,673,Medellín,2020-03-19,3,3.0,0.0,0.0,9,9.0,0.0,0.0,2427129,2427120,3.7080984870958175e-06,1.0,1.0000037080984872,2.7467374698692152e-06,2.7467374698692152e-06,1.0
5,674,Medellín,2020-03-20,7,7.0,0.0,0.0,16,16.0,0.0,0.0,2427129,2427113,6.592194100563097e-06,1.0,1.0000065921941006,4.25745173005742e-06,4.25745173005742e-06,1.0
6,675,Medellín,2020-03-21,1,1.0,0.0,0.0,17,17.0,0.0,0.0,2427129,2427112,7.004209117667417e-06,1.0,1.0000070042091176,5.768167235108777e-06,5.768167235108777e-06,1.0
7,676,Medellín,2020-03-22,2,2.0,0.0,0.0,19,19.0,0.0,0.0,2427129,2427110,7.828240170408428e-06,1.0,1.0000078282401703,7.14154779621298e-06,7.14154779621298e-06,1.0
8,677,Medellín,2020-03-23,13,13.0,0.0,0.0,32,32.0,0.0,0.0,2427129,2427097,1.318447511574527e-05,1.0,1.0000131844751157,9.338974801273704e-06,9.338974801273704e-06,1.0
9,678,Medellín,2020-03-25,6,6.0,0.0,0.0,38,38.0,0.0,0.0,2427129,2427091,1.5656602904464645e-05,1.0,1.0000156566029044,1.2223106063539444e-05,1.2223106063539444e-05,1.0
10,679,Medellín,2020-03-28,4,4.0,0.0,0.0,42,42.0,0.0,0.0,2427129,2427087,1.7304694887327894e-05,1.0,1.0000173046948873,1.53819243025126e-05,1.53819243025126e-05,1.0
11,680,Medellín,2020-03-29,8,8.0,0.0,0.0,50,50.0,0.0,0.0,2427129,2427079,2.0600895150096062e-05,1.0,1.00002060089515,1.7854064313962862e-05,1.7854064313962862e-05,1.0
12,681,Medellín,2020-03-30,8,8.0,0.0,0.0,58,58.0,0.0,0.0,2427129,2427071,2.3897117142432173e-05,1.0,1.0000238971171425,2.060090239328537e-05,2.060090239328537e-05,1.0
13,682,Medellín,2020-03-31,4,4.0,0.0,0.0,62,62.0,0.0,0.0,2427129,2427067,2.5545236287255357e-05,1.0,1.0000255452362872,2.3347749526594526e-05,2.3347749526594526e-05,1.0
14,683,Medellín,2020-04-01,1,1.0,0.0,0.0,63,63.0,0.0,0.0,2427129,2427066,2.5957266922283944e-05,1.0,1.0000259572669223,2.5133206783990486e-05,2.5133206783990486e-05,1.0
15,684,Medellín,2020-04-02,10,10.0,0.0,0.0,73,73.0,0.0,0.0,2427129,2427056,3.007759194678656e-05,1.0,1.0000300775919468,2.7193365052108614e-05,2.7193365052108614e-05,1.0
16,685,Medellín,2020-04-03,11,11.0,0.0,0.0,84,84.0,0.0,0.0,2427129,2427045,3.460998868995013e-05,1.0,1.0000346099886899,3.02149491863402e-05,3.02149491863402e-05,1.0
17,686,Medellín,2020-04-04,2,2.0,0.0,0.0,86,86.0,0.0,0.0,2427129,2427043,3.543406523905839e-05,1.0,1.000035434065239,3.337388195859835e-05,3.337388195859835e-05,1.0
18,687,Medellín,2020-04-05,9,9.0,0.0,0.0,95,95.0,0.0,0.0,2427129,2427034,3.914242651730466e-05,1.0,1.0000391424265174,3.639549348210438e-05,3.639549348210438e-05,1.0
19,688,Medellín,2020-04-06,5,4.0,1.0,0.0,100,99.0,1.0,0.0,2427129,2427029,4.120263911144037e-05,0.99,1.0000412026391114,3.859304362260113e-05,3.859304362260113e-05,0.9966666666666667
20,689,Medellín,2020-04-07,13,13.0,0.0,0.0,113,112.0,1.0,0.0,2427129,2427016,4.6559231583145726e-05,0.9911504424778761,1.0000465592315833,4.230143240396358e-05,4.230143240396358e-05,0.993716814159292
21,690,Medellín,2020-04-08,27,27.0,0.0,0.0,140,139.0,1.0,0.0,2427129,2426989,5.7684645459868176e-05,0.9928571428571429,1.0000576846454599,4.848217205148475e-05,4.848217205148475e-05,0.9913358617783397
22,691,Medellín,2020-04-09,2,2.0,0.0,0.0,142,141.0,1.0,0.0,2427129,2426987,5.8508760038681706e-05,0.9929577464788732,1.0000585087600387,5.425087902723186e-05,5.425087902723186e-05,0.9923217772712972
23,692,Medellín,2020-04-10,5,5.0,0.0,0.0,147,146.0,1.0,0.0,2427129,2426982,6.056905242807734e-05,0.9931972789115646,1.000060569052428,5.8920819308875726e-05,5.8920819308875726e-05,0.9930040560825267
24,693,Medellín,2020-04-11,3,3.0,0.0,0.0,150,149.0,1.0,0.0,2427129,2426979,6.180523193649389e-05,0.9933333333333333,1.0000618052319366,6.029434813441763e-05,6.029434813441763e-05,0.9931627862412569
25,694,Medellín,2020-04-12,7,7.0,0.0,0.0,157,156.0,1.0,0.0,2427129,2426972,6.468966267431186e-05,0.9936305732484076,1.0000646896626744,6.235464901296102e-05,6.235464901296102e-05,0.9933870618311017
26,695,Medellín,2020-04-13,10,10.0,0.0,0.0,167,166.0,1.0,0.0,2427129,2426962,6.881030687748717e-05,0.9940119760479041,1.0000688103068776,6.510173382943095e-05,6.510173382943095e-05,0.993658627543215
27,696,Medellín,2020-04-14,13,13.0,0.0,0.0,180,179.0,1.0,0.0,2427129,2426949,7.416719510793181e-05,0.9944444444444445,1.0000741671951079,6.922238821991025e-05,6.922238821991025e-05,0.9940289979135853
28,697,Medellín,2020-04-15,10,10.0,0.0,0.0,190,189.0,1.0,0.0,2427129,2426939,7.828791741366388e-05,0.9947368421052631,1.0000782879174137,7.375513979969427e-05,7.375513979969427e-05,0.9943977541992041
29,698,Medellín,2020-04-16,4,3.0,1.0,0.0,194,192.0,2.0,0.0,2427129,2426935,7.993621584426447e-05,0.9896907216494846,1.0000799362158443,7.746377612195337e-05,7.746377612195337e-05,0.9929573360663975
30,699,Medellín,2020-04-17,6,6.0,0.0,0.0,200,198.0,2.0,0.0,2427129,2426929,8.240867367772193e-05,0.99,1.0000824086736777,8.021093564521673e-05,8.021093564521673e-05,0.991475854584916
31,700,Medellín,2020-04-18,8,8.0,0.0,0.0,208,206.0,2.0,0.0,2427129,2426921,8.570530313924516e-05,0.9903846153846154,1.0000857053031393,8.268339755374383e-05,8.268339755374383e-05,0.9900251123447003
32,701,Medellín,2020-04-19,11,10.0,1.0,0.0,219,216.0,3.0,0.0,2427129,2426910,9.023820413612371e-05,0.9863013698630136,1.0000902382041361,8.611739365103025e-05,8.611739365103025e-05,0.9888953284158766
33,702,Medellín,2020-04-20,6,6.0,0.0,0.0,225,222.0,3.0,0.0,2427129,2426904,9.271071290829799e-05,0.9866666666666667,1.0000927107129083,8.955140672788894e-05,8.955140672788894e-05,0.9877842173047654
34,703,Medellín,2020-04-21,3,3.0,0.0,0.0,228,225.0,3.0,0.0,2427129,2426901,9.39469718789518e-05,0.9868421052631579,1.000093946971879,9.229862964112449e-05,9.229862964112449e-05,0.986603380597613
35,704,Medellín,2020-04-22,6,6.0,0.0,0.0,234,231.0,3.0,0.0,2427129,2426895,9.641949898944948e-05,0.9871794871794872,1.0000964194989894,9.435906125889974e-05,9.435906125889974e-05,0.9868960863697708
36,705,Medellín,2020-04-23,15,15.0,0.0,0.0,249,246.0,3.0,0.0,2427129,2426880,0.00010260087025316456,0.9879518072289156,1.0001026008702532,9.765578037385526e-05,9.765578037385526e-05,0.9873244665571871
37,706,Medellín,2020-04-24,5,5.0,0.0,0.0,254,251.0,3.0,0.0,2427129,2426875,0.00010466134432140097,0.9881889763779528,1.0001046613443214,0.00010122723785467164,0.00010122723785467164,0.987773423595452
38,707,Medellín,2020-04-25,1,1.0,0.0,0.0,255,252.0,3.0,0.0,2427129,2426874,0.00010507344015387696,0.9882352941176471,1.000105073440154,0.00010411188490948081,0.00010411188490948081,0.9881253592415052
39,708,Medellín,2020-04-26,3,3.0,0.0,0.0,258,255.0,3.0,0.0,2427129,2426871,0.00010630972968896987,0.9883720930232558,1.000106309729689,0.00010534817138808257,0.00010534817138808257,0.9882654545062853
40,709,Medellín,2020-04-27,8,8.0,0.0,0.0,266,263.0,3.0,0.0,2427129,2426863,0.0001096065167255012,0.9887218045112782,1.0001096065167254,0.00010699656218944932,0.00010699656218944932,0.9884430638840606
41,710,Medellín,2020-04-28,3,3.0,0.0,0.0,269,266.0,3.0,0.0,2427129,2426860,0.0001108428174678391,0.9888475836431226,1.0001108428174679,0.00010891968796077004,0.00010891968796077004,0.9886471603925524
42,711,Medellín,2020-04-29,4,4.0,0.0,0.0,273,270.0,3.0,0.0,2427129,2426856,0.00011249122321225486,0.989010989010989,1.0001124912232122,0.00011098018580186505,0.00011098018580186505,0.9888601257217968
43,712,Medellín,2020-04-30,4,4.0,0.0,0.0,277,274.0,3.0,0.0,2427129,2426852,0.00011413963439056028,0.9891696750902527,1.0001141396343907,0.00011249122502355142,0.00011249122502355142,0.9890094159147882
44,713,Medellín,2020-05-01,1,1.0,0.0,0.0,278,275.0,3.0,0.0,2427129,2426851,0.00011455173803418504,0.9892086330935251,1.000114551738034,0.00011372753187900008,0.00011372753187900008,0.9891297657315891
45,714,Medellín,2020-05-03,6,6.0,0.0,0.0,284,281.0,3.0,0.0,2427129,2426845,0.00011702436702797253,0.9894366197183099,1.0001170243670279,0.00011523857981757263,0.00011523857981757263,0.9892716426340294
46,715,Medellín,2020-05-04,3,3.0,0.0,0.0,287,284.0,3.0,0.0,2427129,2426842,0.00011826068610976734,0.9895470383275261,1.0001182606861099,0.00011661226372397498,0.00011661226372397498,0.9893974303797872
47,716,Medellín,2020-05-05,3,3.0,0.0,0.0,290,287.0,3.0,0.0,2427129,2426839,0.00011949700824817798,0.9896551724137931,1.000119497008248,0.00011826068712863928,0.00011826068712863928,0.9895462768198765
48,717,Medellín,2020-05-06,3,3.0,0.0,0.0,293,290.0,3.0,0.0,2427129,2426836,0.00012073333344321577,0.9897610921501706,1.0001207333334432,0.00011949700926705369,0.00011949700926705369,0.9896544342971634
49,718,Medellín,2020-05-07,3,3.0,0.0,0.0,296,293.0,3.0,0.0,2427129,2426833,0.00012196966169489207,0.9898648648648649,1.000121969661695,0.00012073333446209526,0.00012073333446209526,0.9897603764762763
50,719,Medellín,2020-05-08,3,3.0,0.0,0.0,299,296.0,3.0,0.0,2427129,2426830,0.00012320599300321818,0.9899665551839465,1.0001232059930032,0.00012196966271377533,0.00012196966271377533,0.9898641707329943
51,720,Medellín,2020-05-09,1,1.0,0.0,0.0,300,297.0,3.0,0.0,2427129,2426829,0.00012361810411858437,0.99,1.0001236181041187,0.00012293125293889819,0.00012293125293889819,0.9899438066829372
52,721,Medellín,2020-05-10,2,2.0,0.0,0.0,302,299.0,3.0,0.0,2427129,2426827,0.00012444232736820549,0.9900662251655629,1.0001244423273683,0.00012375547483000265,0.00012375547483000265,0.9900109267831699
53,722,Medellín,2020-05-11,5,5.0,0.0,0.0,307,304.0,3.0,0.0,2427129,2426822,0.00012650289143579545,0.990228013029316,1.000126502891436,0.00012485444097419507,0.00012485444097419507,0.990098079398293
54,723,Medellín,2020-05-12,4,3.0,1.0,0.0,311,307.0,4.0,0.0,2427129,2426818,0.00012815134880324772,0.9871382636655949,1.0001281513488032,0.00012636552253574953,0.00012636552253574953,0.9891441672868245
55,724,Medellín,2020-05-13,7,7.0,0.0,0.0,318,314.0,4.0,0.0,2427129,2426811,0.0001310361622722165,0.9874213836477987,1.0001310361622722,0.00012856346750375323,0.00012856346750375323,0.9882625534475699
56,725,Medellín,2020-05-14,10,10.0,0.0,0.0,328,324.0,4.0,0.0,2427129,2426801,0.00013515735323992367,0.9878048780487805,1.00013515735324,0.00013144828810512932,0.00013144828810512932,0.9874548417873914
57,726,Medellín,2020-05-15,7,6.0,1.0,0.0,335,330.0,5.0,0.0,2427129,2426794,0.00013804220712594476,0.9850746268656716,1.000138042207126,0.00013474524087936165,0.00013474524087936165,0.9867669628540835
58,727,Medellín,2020-05-16,6,5.0,1.0,0.0,341,335.0,6.0,0.0,2427129,2426788,0.0001405149522743643,0.9824046920821115,1.0001405149522744,0.00013790483754674425,0.00013790483754674425,0.9850947323321878
59,728,Medellín,2020-05-17,8,8.0,0.0,0.0,349,343.0,6.0,0.0,2427129,2426780,0.0001438119648258186,0.9828080229226361,1.0001438119648258,0.0001407897080753759,0.0001407897080753759,0.9834291139568063
60,729,Medellín,2020-05-18,6,6.0,0.0,0.0,355,349.0,6.0,0.0,2427129,2426774,0.000146284738504698,0.9830985915492958,1.0001462847385048,0.00014353721853496032,0.00014353721853496032,0.9827704355180144
61,730,Medellín,2020-05-19,13,13.0,0.0,0.0,368,362.0,6.0,0.0,2427129,2426761,0.00015164245675614534,0.9836956521739131,1.0001516424567563,0.000147246386695554,0.000147246386695554,0.9832007555486149
62,731,Medellín,2020-05-20,4,4.0,0.0,0.0,372,366.0,6.0,0.0,2427129,2426757,0.00015329099699722717,0.9838709677419355,1.0001532909969972,0.00015040606408602353,0.00015040606408602353,0.9835550704883813
63,732,Medellín,2020-05-21,13,13.0,0.0,0.0,385,379.0,6.0,0.0,2427129,2426744,0.00015864879031327574,0.9844155844155844,1.0001586487903134,0.00015452741468888274,0.00015452741468888274,0.9839940681104776
64,733,Medellín,2020-05-22,8,8.0,0.0,0.0,393,387.0,6.0,0.0,2427129,2426736,0.00016194592242419446,0.9847328244274809,1.0001619459224242,0.00015796190324489912,0.00015796190324489912,0.9843397921950002
65,734,Medellín,2020-05-23,34,34.0,0.0,0.0,427,421.0,6.0,0.0,2427129,2426702,0.00017595897642149716,0.9859484777517564,1.0001759589764214,0.00016551789638632246,0.00016551789638632246,0.9850322955316072
66,735,Medellín,2020-05-24,13,13.0,0.0,0.0,440,434.0,6.0,0.0,2427129,2426689,0.00018131701260441695,0.9863636363636363,1.0001813170126044,0.00017307397048336952,0.00017307397048336952,0.9856816461809578
67,736,Medellín,2020-05-25,6,6.0,0.0,0.0,446,440.0,6.0,0.0,2427129,2426683,0.00018378997174332205,0.9865470852017937,1.0001837899717434,0.00018035532025641206,0.00018035532025641206,0.9862863997723954
68,737,Medellín,2020-05-26,23,23.0,0.0,0.0,469,463.0,6.0,0.0,2427129,2426660,0.00019326976173011465,0.9872068230277186,1.0001932697617302,0.0001861255820259512,0.0001861255820259512,0.9867058481977161
69,738,Medellín,2020-05-27,14,14.0,0.0,0.0,483,477.0,6.0,0.0,2427129,2426646,0.00019904015666067485,0.9875776397515528,1.0001990401566607,0.00019203329671137052,0.00019203329671137052,0.9871105159936882
70,739,Medellín,2020-05-28,21,21.0,0.0,0.0,504,498.0,6.0,0.0,2427129,2426625,0.0002076958738989337,0.9880952380952381,1.000207695873899,0.00020000193076324108,0.00020000193076324108,0.9876265669581695
71,740,Medellín,2020-05-29,11,11.0,0.0,0.0,515,509.0,6.0,0.0,2427129,2426614,0.0002122298808133473,0.9883495145631068,1.0002122298808134,0.00020632197045765196,0.00020632197045765196,0.9880074641366323
72,741,Medellín,2020-05-30,16,16.0,0.0,0.0,531,525.0,6.0,0.0,2427129,2426598,0.00021882487334119619,0.9887005649717514,1.0002188248733412,0.00021291687601782575,0.00021291687601782575,0.9883817725433651
73,742,Medellín,2020-05-31,17,17.0,0.0,0.0,548,542.0,6.0,0.0,2427129,2426581,0.0002258321481953415,0.9890510948905109,1.0002258321481954,0.000218962300783295,0.000218962300783295,0.9887003914751227
74,743,Medellín,2020-06-01,5,5.0,0.0,0.0,553,547.0,6.0,0.0,2427129,2426576,0.00022789313007299175,0.9891500904159132,1.000227893130073,0.00022418338386984314,0.00022418338386984314,0.9889672500927248
75,744,Medellín,2020-06-02,24,24.0,0.0,0.0,577,571.0,6.0,0.0,2427129,2426552,0.00023778596131465552,0.9896013864818024,1.0002377859613147,0.00023050374652766291,0.00023050374652766291,0.9892675239294085
76,745,Medellín,2020-06-03,16,16.0,0.0,0.0,593,587.0,6.0,0.0,2427129,2426536,0.0002443812908607167,0.9898819561551433,1.0002443812908608,0.000236686794082788,0.000236686794082788,0.9895444776842859
77,746,Medellín,2020-06-04,13,13.0,0.0,0.0,606,600.0,6.0,0.0,2427129,2426523,0.0002497400601601551,0.9900990099009901,1.0002497400601602,0.00024396910411184246,0.00024396910411184246,0.9898607841793116
78,747,Medellín,2020-06-05,13,12.0,0.0,0.0,619,612.0,6.0,0.0,2427129,2426510,0.0002550988868786858,0.9886914378029079,1.0002550988868786,0.0002497400792998526,0.0002497400792998526,0.9895574679530134
79,748,Medellín,2020-06-06,13,13.0,0.0,0.0,632,625.0,6.0,0.0,2427129,2426497,0.00026045777101723185,0.9889240506329114,1.0002604577710172,0.00025509890601869094,0.00025509890601869094,0.9892381661122694
80,749,Medellín,2020-06-07,16,14.0,2.0,0.0,648,639.0,8.0,0.0,2427129,2426481,0.00026705339955268554,0.9861111111111112,1.0002670533995526,0.00026087001914953446,0.00026087001914953446,0.9879088665156431
81,750,Medellín,2020-06-08,28,28.0,0.0,0.0,676,667.0,8.0,0.0,2427129,2426453,0.00027859595879252554,0.9866863905325444,1.0002785959587925,0.00026870237645414775,0.00026870237645414775,0.9872405174255219
82,751,Medellín,2020-06-09,34,31.0,0.0,3.0,710,698.0,8.0,3.0,2427129,2426419,0.0002926122817205108,0.9830985915492958,1.0002926122817206,0.000279420546688574,0.000279420546688574,0.9852986977309833
83,752,Medellín,2020-06-10,29,28.0,0.0,0.0,739,726.0,8.0,3.0,2427129,2426390,0.00030456769109664974,0.9824086603518268,1.0003045676910967,0.0002919253105365621,0.0002919253105365621,0.9840645474778885
84,753,Medellín,2020-06-11,18,18.0,0.0,0.0,757,744.0,8.0,3.0,2427129,2426372,0.0003119884337603632,0.9828269484808454,1.0003119884337603,0.00030305613552584126,0.00030305613552584126,0.9827780667939888
85,754,Medellín,2020-06-12,29,27.0,1.0,1.0,786,771.0,9.0,4.0,2427129,2426343,0.000323944306307888,0.9809160305343512,1.0003239443063079,0.00031350014372163364,0.00031350014372163364,0.982050546455674
86,755,Medellín,2020-06-13,33,32.0,0.0,1.0,819,803.0,9.0,5.0,2427129,2426310,0.00033754961237434625,0.9804639804639804,1.0003375496123743,0.0003244941174808658,0.0003244941174808658,0.9814023198263918
87,756,Medellín,2020-06-14,32,32.0,0.0,0.0,851,835.0,9.0,5.0,2427129,2426278,0.00035074298987997256,0.981198589894242,1.00035074298988,0.0003374123028540689,0.0003374123028540689,0.9808595336308574
88,757,Medellín,2020-06-15,51,50.0,1.0,0.0,902,885.0,10.0,5.0,2427129,2426227,0.00037177065460074427,0.9811529933481153,1.0003717706546007,0.0003533544189516877,0.0003533544189516877,0.9809385212354456
89,758,Medellín,2020-06-16,35,34.0,0.0,1.0,937,919.0,10.0,6.0,2427129,2426192,0.00038620191641881597,0.9807897545357525,1.000386201916419,0.00036957185363317756,0.00036957185363317756,0.9810471125927028
90,759,Medellín,2020-06-17,38,36.0,0.0,2.0,975,955.0,10.0,8.0,2427129,2426154,0.00040187061497332815,0.9794871794871794,1.0004018706149733,0.0003866143953309628,0.0003866143953309628,0.9804766424570154
91,760,Medellín,2020-06-18,62,56.0,2.0,4.0,1037,1011.0,12.0,12.0,2427129,2426092,0.00042743638740822687,0.9749276759884281,1.0004274363874082,0.00040516963960012366,0.00040516963960012366,0.9784015366704528
92,761,Medellín,2020-06-19,92,88.0,1.0,3.0,1129,1099.0,13.0,15.0,2427129,2426000,0.00046537510305028854,0.9734278122232064,1.0004653751030503,0.0004315607018106145,0.0004315607018106145,0.9759475558996042
93,762,Medellín,2020-06-20,45,41.0,1.0,3.0,1174,1140.0,14.0,18.0,2427129,2425955,0.00048393313148842413,0.9710391822827938,1.0004839331314885,0.0004589148739823131,0.0004589148739823131,0.9731315568314757
94,763,Medellín,2020-06-21,64,60.0,1.0,3.0,1238,1200.0,15.0,21.0,2427129,2425891,0.0005103279578513627,0.9693053311793215,1.0005103279578513,0.00048654539746335835,0.00048654539746335835,0.9712574418951069
95,764,Medellín,2020-06-22,40,37.0,0.0,3.0,1278,1237.0,15.0,24.0,2427129,2425851,0.0005268254315701995,0.9679186228482003,1.0005268254315702,0.0005070288403033287,0.0005070288403033287,0.9694210454367714
96,765,Medellín,2020-06-23,53,51.0,0.0,2.0,1331,1288.0,15.0,26.0,2427129,2425798,0.0005486854222816574,0.9676934635612322,1.0005486854222816,0.0005286129372344064,0.0005286129372344064,0.9683058058629176
97,766,Medellín,2020-06-24,83,75.0,4.0,4.0,1414,1363.0,19.0,30.0,2427129,2425715,0.00058292091197853,0.963932107496464,1.0005829209119785,0.0005528105886101289,0.0005528105886101289,0.966514731301965
98,767,Medellín,2020-06-25,95,85.0,4.0,5.0,1509,1448.0,23.0,35.0,2427129,2425620,0.0006221089865683826,0.9595758780649437,1.0006221089865683,0.0005845717736095232,0.0005845717736095232,0.963733816374213
99,768,Medellín,2020-06-26,119,109.0,5.0,5.0,1628,1557.0,28.0,40.0,2427129,2425501,0.0006712015373318749,0.9563882063882064,1.0006712015373318,0.0006254104786262625,0.0006254104786262625,0.9599653973165377
100,769,Medellín,2020-06-27,132,125.0,5.0,2.0,1760,1682.0,33.0,42.0,2427129,2425369,0.0007256627754374695,0.9556818181818182,1.0007256627754375,0.0006729910997792422,0.0006729910997792422,0.9572153008783224
101,770,Medellín,2020-06-28,128,116.0,5.0,7.0,1888,1798.0,38.0,49.0,2427129,2425241,0.0007784793346310738,0.9523305084745762,1.000778479334631,0.0007251145491334728,0.0007251145491334728,0.9548001776815331
102,771,Medellín,2020-06-29,74,67.0,0.0,7.0,1962,1865.0,38.0,56.0,2427129,2425167,0.0008090164512382033,0.9505606523955148,1.0008090164512382,0.0007710528537689156,0.0007710528537689156,0.9528576596839692
103,772,Medellín,2020-06-30,123,113.0,1.0,9.0,2085,1978.0,39.0,65.0,2427129,2425044,0.0008597782143334306,0.9486810551558753,1.0008597782143334,0.0008157580000675693,0.0008157580000675693,0.9505240720086549
104,773,Medellín,2020-07-01,117,102.0,5.0,10.0,2202,2080.0,44.0,75.0,2427129,2424927,0.0009080685727859024,0.9445958219800181,1.0009080685727858,0.0008589544127858454,0.0008589544127858454,0.9479458431771356
105,774,Medellín,2020-07-02,180,165.0,3.0,12.0,2382,2245.0,47.0,87.0,2427129,2424747,0.0009823705318534263,0.9424853064651554,1.0009823705318535,0.0009167391063242533,0.0009167391063242533,0.9452540612003492
106,775,Medellín,2020-07-03,145,133.0,5.0,7.0,2527,2378.0,52.0,94.0,2427129,2424602,0.001042232910803505,0.9410368025326474,1.0010422329108035,0.0009775573384809449,0.0009775573384809449,0.9427059769926066
107,776,Medellín,2020-07-04,231,204.0,7.0,19.0,2758,2582.0,59.0,113.0,2427129,2424371,0.0011376146637622707,0.9361856417693981,1.0011376146637623,0.001054072702139734,0.001054072702139734,0.9399025835890665
108,777,Medellín,2020-07-05,166,154.0,3.0,9.0,2924,2736.0,62.0,122.0,2427129,2424205,0.0012061686202280747,0.9357045143638851,1.001206168620228,0.0011286720649312835,0.0011286720649312835,0.9376423195553097
109,778,Medellín,2020-07-06,228,216.0,6.0,6.0,3152,2952.0,68.0,128.0,2427129,2423977,0.0013003423712353707,0.9365482233502538,1.0013003423712354,0.0012147085517419055,0.0012147085517419055,0.9361461264945118
110,779,Medellín,2020-07-07,240,213.0,6.0,21.0,3392,3165.0,74.0,149.0,2427129,2423737,0.0013994917765417618,0.9330778301886793,1.0013994917765419,0.0013020009226684024,0.0013020009226684024,0.9351101893009388
111,780,Medellín,2020-07-08,233,215.0,10.0,8.0,3625,3380.0,84.0,157.0,2427129,2423504,0.0014957681109666005,0.9324137931034483,1.0014957681109666,0.0013985340862479108,0.0013985340862479108,0.9340132822141265
112,781,Medellín,2020-07-09,300,289.0,4.0,7.0,3925,3669.0,88.0,164.0,2427129,2423204,0.0016197563226207946,0.9347770700636943,1.0016197563226208,0.0015050054033763855,0.0015050054033763855,0.9334228977852733
113,782,Medellín,2020-07-10,407,378.0,14.0,15.0,4332,4047.0,102.0,179.0,2427129,2422797,0.001788016082238834,0.9342105263157895,1.0017880160822388,0.0016345135052754096,0.0016345135052754096,0.9338004631609765
114,783,Medellín,2020-07-11,160,146.0,3.0,11.0,4492,4193.0,105.0,190.0,2427129,2422637,0.0018541779061411181,0.9334372217275155,1.0018541779061412,0.001753983437000249,0.001753983437000249,0.9341416060356657
115,784,Medellín,2020-07-12,306,281.0,10.0,13.0,4798,4474.0,115.0,203.0,2427129,2422331,0.0019807367366392126,0.9324718632763651,1.0019807367366391,0.0018743102416730547,0.0018743102416730547,0.9333732037732226
116,785,Medellín,2020-07-13,228,199.0,9.0,19.0,5026,4673.0,124.0,222.0,2427129,2422103,0.0020750562630903807,0.9297652208515719,1.0020750562630905,0.001969990301956904,0.001969990301956904,0.9318914352851501
117,786,Medellín,2020-07-14,546,495.0,12.0,38.0,5572,5168.0,136.0,260.0,2427129,2421557,0.0023009989027720596,0.927494615936827,1.002300998902772,0.0021189306341672176,0.0021189306341672176,0.929910566688254
118,787,Medellín,2020-07-15,472,432.0,17.0,22.0,6044,5600.0,153.0,282.0,2427129,2421085,0.0024964014068072785,0.9265387160820648,1.0024964014068072,0.002290818857556573,0.002290818857556573,0.9279328509568207
119,788,Medellín,2020-07-16,453,412.0,12.0,27.0,6497,6012.0,165.0,309.0,2427129,2420632,0.002684009795788868,0.9253501616130522,1.002684009795789,0.0024938033684560683,0.0024938033684560683,0.9264611645439808
120,789,Medellín,2020-07-17,599,581.0,7.0,11.0,7096,6593.0,172.0,320.0,2427129,2420033,0.002932191420530216,0.9291149943630215,1.0029321914205303,0.0027042008743754543,0.0027042008743754543,0.9270012906860455
121,790,Medellín,2020-07-18,887,865.0,7.0,14.0,7983,7458.0,179.0,334.0,2427129,2419146,0.00329992484951301,0.9342352499060503,1.003299924849513,0.002972042021944031,0.002972042021944031,0.9295668019607074
122,791,Medellín,2020-07-19,461,433.0,10.0,16.0,8444,7891.0,189.0,350.0,2427129,2418685,0.003491153250629991,0.934509711037423,1.00349115325063,0.003241089840224405,0.003241089840224405,0.9326199851021643
123,792,Medellín,2020-07-20,691,662.0,12.0,17.0,9135,8553.0,201.0,367.0,2427129,2417994,0.0037779250072580827,0.9362889983579639,1.003777925007258,0.003523001035800361,0.003523001035800361,0.9350113197671451
124,793,Medellín,2020-07-21,1001,942.0,32.0,26.0,10136,9495.0,233.0,393.0,2427129,2416993,0.004193640610461015,0.9367600631412786,1.004193640610461,0.003820906289449696,0.003820906289449696,0.9358529241788879
125,794,Medellín,2020-07-22,627,582.0,30.0,14.0,10763,10077.0,263.0,407.0,2427129,2416366,0.004454209337492747,0.9362631236644058,1.0044542093374929,0.004141924985070615,0.004141924985070615,0.9364373950545488
126,795,Medellín,2020-07-23,465,427.0,14.0,23.0,11228,10504.0,277.0,430.0,2427129,2415901,0.004647541434851842,0.9355183469896687,1.004647541434852,0.004431797127601869,0.004431797127601869,0.936180511265117
127,796,Medellín,2020-07-24,790,739.0,14.0,36.0,12018,11243.0,291.0,466.0,2427129,2415111,0.004976168797210563,0.935513396571809,1.0049761687972105,0.004692639856518384,0.004692639856518384,0.9357649557419605
128,797,Medellín,2020-07-25,763,718.0,22.0,22.0,12781,11961.0,313.0,488.0,2427129,2414348,0.005293768752474788,0.9358422658633909,1.0052937687524748,0.004972492994845732,0.004972492994845732,0.935624669808289
129,798,Medellín,2020-07-26,592,565.0,11.0,15.0,13373,12526.0,324.0,503.0,2427129,2413756,0.005540328019899277,0.9366634263067375,1.0055403280198993,0.005270088523194878,0.005270088523194878,0.9360063629139787
130,799,Medellín,2020-07-27,1231,1160.0,34.0,34.0,14604,13686.0,358.0,537.0,2427129,2412525,0.006053408772966083,0.9371405094494659,1.006053408772966,0.005629168515113384,0.005629168515113384,0.9365487338731976
131,800,Medellín,2020-07-28,674,636.0,17.0,21.0,15278,14322.0,375.0,558.0,2427129,2411851,0.006334553834378658,0.9374263647074225,1.0063345538343786,0.005976096875748006,0.005976096875748006,0.9370767668212081
132,801,Medellín,2020-07-29,943,866.0,36.0,41.0,16221,15188.0,411.0,599.0,2427129,2410908,0.006728170465235505,0.9363171197829974,1.0067281704652356,0.006372044357526749,0.006372044357526749,0.9369613313132946
133,802,Medellín,2020-07-30,850,814.0,8.0,25.0,17071,16002.0,419.0,624.0,2427129,2410058,0.007083232021801965,0.9373791810673071,1.007083232021802,0.006715318773805376,0.006715318773805376,0.9370408885192415
134,803,Medellín,2020-07-31,1106,1037.0,24.0,40.0,18177,17039.0,443.0,664.0,2427129,2408952,0.007545604893746326,0.9373934092534522,1.0075456048937463,0.007119002460261266,0.007119002460261266,0.9370299033679181
135,804,Medellín,2020-08-01,1580,1527.0,19.0,33.0,19757,18566.0,462.0,697.0,2427129,2407372,0.00820687455033954,0.9397175684567495,1.0082068745503396,0.007611903821962611,0.007611903821962611,0.938163386259169
136,805,Medellín,2020-08-02,1227,1168.0,33.0,24.0,20984,19734.0,495.0,721.0,2427129,2406145,0.008721003929522119,0.9404308044224171,1.008721003929522,0.008157827791202664,0.008157827791202664,0.9391805940442056
137,806,Medellín,2020-08-03,1654,1604.0,33.0,17.0,22638,21338.0,528.0,738.0,2427129,2404491,0.009414882401306555,0.9425744323703508,1.0094148824013065,0.00878092029372274,0.00878092029372274,0.9409076017498385
138,807,Medellín,2020-08-04,654,619.0,14.0,19.0,23292,21957.0,542.0,757.0,2427129,2403837,0.009689508897649883,0.9426841834106131,1.0096895088976499,0.009275131742826188,0.009275131742826188,0.9418964734011263
139,808,Medellín,2020-08-05,821,766.0,21.0,32.0,24113,22723.0,563.0,789.0,2427129,2403016,0.010034473345162912,0.9423547464023556,1.010034473345163,0.009712954881373121,0.009712954881373121,0.942537787394439
140,809,Medellín,2020-08-06,795,728.0,24.0,42.0,24908,23451.0,587.0,831.0,2427129,2402221,0.010368737930440205,0.9415047374337562,1.0103687379304402,0.01003090672441767,0.01003090672441767,0.9421812224155742
141,810,Medellín,2020-08-07,1216,1144.0,35.0,36.0,26124,24595.0,622.0,867.0,2427129,2401005,0.010880443814152823,0.9414714438830194,1.0108804438141528,0.01042788502991865,0.01042788502991865,0.9417769759063762
142,811,Medellín,2020-08-08,904,866.0,11.0,26.0,27028,25461.0,633.0,893.0,2427129,2400101,0.011261192758138095,0.942023087168862,1.011261192758138,0.01083679150091038,0.01083679150091038,0.9416664228285448
143,812,Medellín,2020-08-09,1006,972.0,9.0,24.0,28034,26433.0,642.0,917.0,2427129,2399095,0.011685239642448506,0.9428907754869088,1.0116852396424485,0.011275625404913144,0.011275625404913144,0.9421284355129291
144,813,Medellín,2020-08-10,1627,1556.0,30.0,37.0,29661,27989.0,672.0,954.0,2427129,2397468,0.012371802251375201,0.943629682074104,1.0123718022513752,0.011772744883987269,0.011772744883987269,0.9428478482432906
145,814,Medellín,2020-08-11,1102,1063.0,20.0,17.0,30763,29052.0,692.0,971.0,2427129,2396366,0.012837354561031161,0.9443812372005331,1.0128373545610312,0.01229813215161829,0.01229813215161829,0.9436338982538475
146,815,Medellín,2020-08-12,958,905.0,19.0,33.0,31721,29957.0,711.0,1004.0,2427129,2395408,0.013242420497885956,0.9443901516345639,1.013242420497886,0.012817192436764109,0.012817192436764109,0.9441336903030658
147,816,Medellín,2020-08-13,873,792.0,19.0,62.0,32594,30749.0,730.0,1066.0,2427129,2394535,0.013611828601377721,0.9433944897833957,1.0136118286013778,0.013230534553431617,0.013230534553431617,0.9440552928728297
148,817,Medellín,2020-08-14,1032,893.0,35.0,104.0,33626,31642.0,765.0,1170.0,2427129,2393503,0.014048864781034325,0.9409980372330934,1.0140488647810344,0.013634371293432673,0.013634371293432673,0.9429275595503498
149,818,Medellín,2020-08-15,1012,806.0,13.0,192.0,34638,32448.0,778.0,1362.0,2427129,2392491,0.014477797408642289,0.9367746405681622,1.0144777974086423,0.014046163597018116,0.014046163597018116,0.9403890558615493
150,819,Medellín,2020-08-16,872,750.0,21.0,101.0,35510,33198.0,799.0,1463.0,2427129,2391619,0.014847682678553733,0.9348915798366657,1.0148476826785537,0.014458114956076787,0.014458114956076787,0.9375547525459726
151,820,Medellín,2020-08-17,618,478.0,10.0,130.0,36128,33676.0,809.0,1593.0,2427129,2391001,0.015109989498122334,0.9321302037201062,1.0151099894981224,0.014811823195106122,0.014811823195106122,0.9345988080416436
152,821,Medellín,2020-08-18,905,659.0,25.0,220.0,37033,34335.0,834.0,1813.0,2427129,2390096,0.015494356712031651,0.9271460589204223,1.0154943567120316,0.015150676296235911,0.015150676296235911,0.9313892808257304
153,822,Medellín,2020-08-19,974,578.0,23.0,372.0,38007,34913.0,857.0,2185.0,2427129,2389122,0.015908354617302927,0.9185939432209856,1.0159083546173029,0.015504233609152306,0.015504233609152306,0.9259567352871704
154,823,Medellín,2020-08-20,427,159.0,9.0,259.0,38434,35072.0,866.0,2444.0,2427129,2388695,0.016089957068608593,0.9125253681636052,1.0160899570686086,0.015830889465981057,0.015830889465981057,0.9194217901016698
155,824,Medellín,2020-08-21,680,123.0,7.0,550.0,39114,35195.0,873.0,2994.0,2427129,2388015,0.016379294099911432,0.8998056961701693,1.0163792940999115,0.01612586859527432,0.01612586859527432,0.9103083358515854
156,825,Medellín,2020-08-22,920,510.0,14.0,395.0,40034,35705.0,887.0,3389.0,2427129,2387095,0.016771012464941698,0.8918669131238447,1.0167710124649416,0.016413421211153908,0.016413421211153908,0.9013993258192051
157,826,Medellín,2020-08-23,796,346.0,23.0,426.0,40830,36051.0,910.0,3815.0,2427129,2386299,0.01711017772709958,0.8829537105069801,1.0171101777270997,0.016753494763984234,0.016753494763984234,0.8915421066003301
158,827,Medellín,2020-08-24,529,26.0,3.0,500.0,41359,36077.0,913.0,4315.0,2427129,2385770,0.017335702938673887,0.8722889818419207,1.0173357029386738,0.017072297710238386,0.017072297710238386,0.8823698684909139
159,828,Medellín,2020-08-25,615,45.0,7.0,562.0,41974,36122.0,920.0,4877.0,2427129,2385155,0.017598017738889086,0.8605803592700243,1.017598017738889,0.017347966134887514,0.017347966134887514,0.871941017206307
160,829,Medellín,2020-08-26,1353,128.0,16.0,1206.0,43327,36250.0,936.0,6083.0,2427129,2383802,0.018175586730777137,0.8366607427239365,1.0181755867307771,0.017703102469446702,0.017703102469446702,0.8565100279452924
161,830,Medellín,2020-08-27,718,30.0,3.0,684.0,44045,36280.0,939.0,6767.0,2427129,2383084,0.018482353118899713,0.8237030309910319,1.0184823531188998,0.018085319196188648,0.018085319196188648,0.8403147109949961
162,831,Medellín,2020-08-28,1015,217.0,11.0,786.0,45060,36497.0,950.0,7553.0,2427129,2382069,0.018916328620203697,0.8099644917887261,1.0189163286202036,0.018524756156626854,0.018524756156626854,0.8234427551678968
163,832,Medellín,2020-08-29,754,8.0,7.0,738.0,45814,36505.0,957.0,8291.0,2427129,2381315,0.019238949907929022,0.7968088357270703,1.019238949907929,0.018879210549010813,0.018879210549010813,0.8101587861689413
164,833,Medellín,2020-08-30,568,1.0,4.0,563.0,46382,36506.0,961.0,8854.0,2427129,2380747,0.01948212052771672,0.7870725712560908,1.0194821205277167,0.019212466351949814,0.019212466351949814,0.7979486329239608
165,834,Medellín,2020-08-31,922,0.0,4.0,918.0,47304,36506.0,965.0,9772.0,2427129,2379825,0.019877091802968705,0.77173177743954,1.0198770918029687,0.019532720746204817,0.019532720746204817,0.7852043948075655
166,835,Medellín,2020-09-01,633,0.0,0.0,633.0,47937,36506.0,965.0,10405.0,2427129,2379192,0.020148436948342126,0.7615411894778563,1.0201484369483422,0.019835883093009186,0.019835883093009186,0.7734485127244942
